Index,CH-2 HLI Leaving CHW Temp,CH-2 HLI Entering CHW Temp,CH-2 FLOWRATE
2,10.40000057220459,10.600000381469727,0.0
101,8.199999809265138,14.300000190734865,57.838505554199216
104,8.0,10.699999809265137,56.55242385864258
107,8.100000381469728,9.699999809265137,55.16255569458008
110,8.100000381469728,9.600000381469727,56.02843704223633
113,8.300000190734862,9.800000190734863,58.2961265563965
116,8.300000190734862,10.100000381469727,58.33549118041992
119,8.40000057220459,11.300000190734865,58.60346221923828
122,8.300000190734862,12.0,59.924444580078145
125,9.0,15.699999809265135,62.363565063476564
128,9.0,16.0,48.69859848022461
131,8.0,14.600000381469727,47.276470947265615
134,8.0,14.300000190734865,37.89560394287109
137,8.100000381469728,13.90000057220459,38.16006622314453
140,8.100000381469728,13.699999809265135,37.38405990600586
143,8.100000381469728,13.699999809265135,37.594976806640624
146,8.100000381469728,13.600000381469727,38.118817138671865
149,8.100000381469728,13.600000381469727,38.04959106445313
152,8.100000381469728,13.600000381469727,37.074867248535156
155,8.100000381469728,13.600000381469727,39.579664611816405
158,8.100000381469728,13.5,37.66330413818359
161,8.100000381469728,13.5,37.632136535644534
164,8.100000381469728,13.5,38.39847946166992
167,8.199999809265138,13.600000381469727,38.38587875366211
170,8.300000190734862,13.699999809265135,38.0667839050293
173,8.100000381469728,13.600000381469727,38.01362762451172
176,8.100000381469728,13.5,36.86123123168945
179,8.100000381469728,13.600000381469727,37.2738510131836
182,8.100000381469728,13.600000381469727,37.916493225097646
185,8.199999809265138,13.600000381469727,36.700155639648436
188,8.100000381469728,13.699999809265135,37.184033203125
191,8.100000381469728,13.699999809265135,38.06525497436522
194,8.100000381469728,13.600000381469727,37.36844253540039
197,8.100000381469728,13.600000381469727,38.095140838623045
200,8.100000381469728,13.699999809265135,36.72580490112305
203,8.100000381469728,13.600000381469727,38.90062942504883
206,8.100000381469728,13.699999809265135,36.92472915649414
209,8.100000381469728,13.699999809265135,37.13736267089844
212,8.100000381469728,13.699999809265135,38.472245025634756
215,8.199999809265138,13.699999809265135,38.327735137939456
218,8.100000381469728,13.699999809265135,37.36213607788086
221,8.100000381469728,13.600000381469727,37.47031021118164
224,8.100000381469728,13.600000381469727,36.58855514526367
227,8.199999809265138,13.600000381469727,36.30384597778321
230,8.199999809265138,13.699999809265135,36.92990112304688
233,8.199999809265138,13.600000381469727,37.33048629760742
236,8.100000381469728,13.600000381469727,37.03722686767577
239,8.199999809265138,13.699999809265135,37.71436462402344
242,8.300000190734862,13.699999809265135,38.240919494628905
245,8.199999809265138,13.699999809265135,37.43714675903321
248,8.100000381469728,13.699999809265135,37.85627365112305
251,8.100000381469728,13.699999809265135,36.2784309387207
254,8.100000381469728,13.5,36.23998260498047
257,8.100000381469728,12.800000190734865,35.97699508666992
260,8.100000381469728,12.699999809265135,36.141039276123045
263,8.100000381469728,12.300000190734865,35.50407409667969
266,8.100000381469728,12.300000190734865,33.10545272827149
269,11.300000190734865,11.699999809265135,0.0
272,11.40000057220459,11.800000190734865,0.0
275,11.600000381469727,11.90000057220459,0.0
278,11.699999809265135,12.0,0.0
281,11.699999809265135,12.0,0.0
284,12.100000381469727,12.199999809265135,0.0
287,12.40000057220459,12.300000190734865,0.0
290,12.600000381469727,12.5,0.0
293,12.800000190734865,12.600000381469727,0.0
296,12.800000190734865,12.600000381469727,0.0
299,13.300000190734865,12.90000057220459,0.0
302,13.5,13.0,0.0
305,13.699999809265135,13.100000381469727,0.0
308,13.90000057220459,13.300000190734865,0.0
311,14.199999809265135,13.40000057220459,0.0
314,14.40000057220459,13.5,0.0
317,14.600000381469727,13.699999809265135,0.0
320,14.800000190734865,13.800000190734865,0.0
323,15.0,13.90000057220459,0.0
326,15.100000381469727,14.100000381469727,0.0
329,15.300000190734865,14.199999809265135,0.0
332,15.5,14.40000057220459,0.0
335,15.5,14.40000057220459,0.0
338,15.800000190734865,14.600000381469727,0.0
341,16.0,14.800000190734865,0.0
344,16.200000762939453,14.90000057220459,0.0
347,16.30000114440918,15.0,0.0
350,16.5,15.100000381469727,0.0
353,16.600000381469727,15.199999809265135,0.0
356,16.80000114440918,15.40000057220459,0.0
359,16.899999618530273,15.5,0.0
362,17.100000381469727,15.600000381469727,0.0
365,17.200000762939453,15.699999809265135,0.0
368,17.30000114440918,15.800000190734865,0.0
371,17.5,16.0,0.0
374,17.5,16.0,0.0
377,17.700000762939453,16.200000762939453,0.0
380,17.899999618530273,16.30000114440918,0.0
383,18.0,16.399999618530273,0.0
386,18.100000381469727,16.5,0.0
389,18.200000762939453,16.600000381469727,0.0
392,18.30000114440918,16.700000762939453,0.0
395,18.399999618530273,16.80000114440918,0.0
398,18.600000381469727,17.0,0.0
401,18.600000381469727,17.0,0.0
404,18.80000114440918,17.200000762939453,0.0
407,9.699999809265137,16.80000114440918,58.656430053710935
410,8.100000381469728,14.0,60.32277374267578
413,8.300000190734862,15.800000190734865,49.364463806152344
416,8.100000381469728,14.699999809265135,48.393115234375
419,7.200000286102295,14.300000190734865,37.518995666503905
422,8.199999809265138,13.90000057220459,38.15232696533203
425,8.100000381469728,13.600000381469727,37.79716873168945
428,8.100000381469728,13.600000381469727,37.057816314697256
431,8.100000381469728,13.600000381469727,37.40990676879883
434,8.199999809265138,13.699999809265135,38.2118637084961
437,8.199999809265138,13.800000190734865,38.153351593017575
440,8.199999809265138,13.699999809265135,39.50212860107422
443,8.100000381469728,13.699999809265135,38.52940444946289
446,8.199999809265138,13.800000190734865,37.002362060546865
449,8.199999809265138,13.800000190734865,38.00141525268555
452,8.199999809265138,13.90000057220459,37.969776916503896
455,8.199999809265138,13.800000190734865,39.06326141357422
458,8.199999809265138,13.800000190734865,37.74326171875
461,8.199999809265138,13.800000190734865,37.71141052246094
464,8.100000381469728,13.800000190734865,38.03490219116211
467,8.100000381469728,13.800000190734865,37.14021759033203
470,8.199999809265138,13.800000190734865,37.25019149780272
473,8.100000381469728,13.699999809265135,36.93964462280272
476,8.100000381469728,13.699999809265135,37.26746292114258
479,8.100000381469728,13.699999809265135,36.9919677734375
482,8.100000381469728,13.800000190734865,37.70008163452147
485,8.100000381469728,13.600000381469727,37.70606689453125
488,8.199999809265138,13.600000381469727,37.75236358642578
491,8.100000381469728,13.5,37.23825607299805
494,8.100000381469728,13.5,37.250830078125
497,8.100000381469728,13.5,37.01893386840821
500,8.199999809265138,13.5,38.55935211181641
503,8.199999809265138,13.5,37.781944274902344
506,8.100000381469728,13.40000057220459,37.23664779663086
509,8.100000381469728,13.40000057220459,37.73984146118164
512,8.100000381469728,13.40000057220459,36.747572326660155
515,8.100000381469728,13.40000057220459,37.66178665161133
518,8.199999809265138,13.5,36.17205657958984
521,8.199999809265138,13.5,37.7610969543457
524,8.199999809265138,13.5,38.308894348144534
527,8.199999809265138,13.5,36.951834869384776
530,8.100000381469728,13.5,37.83765411376953
533,8.100000381469728,13.40000057220459,37.310865783691405
536,8.100000381469728,13.40000057220459,37.430371856689455
539,8.100000381469728,13.40000057220459,37.19286575317383
542,8.100000381469728,13.40000057220459,36.37417297363281
545,8.100000381469728,12.699999809265135,36.702781677246094
548,8.100000381469728,12.699999809265135,36.501408386230466
551,8.100000381469728,12.699999809265135,35.75191802978516
554,11.300000190734865,11.5,20.003809356689448
557,11.199999809265137,11.600000381469727,0.0
560,11.300000190734865,11.699999809265135,0.0
563,11.5,11.800000190734865,0.0
566,11.5,11.800000190734865,0.0
569,11.800000190734865,12.0,0.0
572,12.0,12.100000381469727,0.0
575,12.300000190734865,12.199999809265135,0.0
578,12.5,12.40000057220459,0.0
581,12.699999809265135,12.5,0.0
584,12.90000057220459,12.600000381469727,0.0
587,13.199999809265135,12.699999809265135,0.0
590,13.40000057220459,12.90000057220459,0.0
593,13.40000057220459,12.90000057220459,0.0
596,13.800000190734865,13.199999809265135,0.0
599,14.0,13.300000190734865,0.0
602,14.199999809265135,13.40000057220459,0.0
605,14.40000057220459,13.600000381469727,0.0
608,14.600000381469727,13.699999809265135,0.0
611,14.800000190734865,13.800000190734865,0.0
614,15.0,14.0,0.0
617,15.199999809265135,14.100000381469727,0.0
620,15.199999809265135,14.100000381469727,0.0
623,15.600000381469727,14.40000057220459,0.0
626,15.699999809265135,14.5,0.0
629,15.90000057220459,14.699999809265135,0.0
632,16.100000381469727,14.800000190734865,0.0
635,16.100000381469727,14.800000190734865,0.0
638,16.399999618530273,15.0,0.0
641,16.5,15.199999809265135,0.0
644,16.700000762939453,15.300000190734865,0.0
647,16.80000114440918,15.40000057220459,0.0
650,16.80000114440918,15.40000057220459,0.0
653,17.100000381469727,15.600000381469727,0.0
656,17.200000762939453,15.800000190734865,0.0
659,17.399999618530273,15.90000057220459,0.0
662,17.5,16.0,0.0
665,17.5,16.0,0.0
668,17.80000114440918,16.200000762939453,0.0
671,17.899999618530273,16.399999618530273,0.0
674,18.0,16.5,0.0
677,18.100000381469727,16.600000381469727,0.0
680,18.200000762939453,16.700000762939453,0.0
683,18.399999618530273,16.80000114440918,0.0
686,18.5,16.899999618530273,0.0
689,18.600000381469727,17.0,0.0
692,18.600000381469727,17.0,0.0
695,9.90000057220459,16.899999618530273,61.59107437133789
698,8.100000381469728,14.300000190734865,59.13782958984375
701,8.699999809265138,16.100000381469727,48.553963470458974
704,8.0,15.0,47.83629837036133
707,8.0,15.0,39.433970642089854
710,8.199999809265138,14.100000381469727,37.72239990234375
713,8.199999809265138,13.800000190734865,36.84587860107422
716,8.100000381469728,13.800000190734865,37.606494140625
719,8.100000381469728,13.699999809265135,38.1669319152832
722,8.199999809265138,13.800000190734865,37.99033203125
725,8.100000381469728,13.699999809265135,38.124516296386716
728,8.199999809265138,13.699999809265135,38.00783233642578
731,8.100000381469728,13.699999809265135,37.98734207153321
734,8.100000381469728,13.699999809265135,36.864000701904295
737,8.199999809265138,13.800000190734865,39.17557449340821
740,8.100000381469728,13.699999809265135,37.489723205566406
743,8.100000381469728,13.600000381469727,38.14861068725586
746,8.100000381469728,13.600000381469727,38.212508392334
749,8.100000381469728,13.600000381469727,38.150711822509756
752,8.100000381469728,13.600000381469727,37.79342498779297
755,8.199999809265138,13.699999809265135,37.94177093505859
758,8.100000381469728,13.699999809265135,37.556576538085935
761,8.100000381469728,13.699999809265135,37.90696334838867
764,8.100000381469728,13.600000381469727,37.50982666015625
767,8.100000381469728,13.600000381469727,37.51455535888672
770,8.100000381469728,13.5,37.30133666992187
773,8.100000381469728,13.5,37.25624771118164
776,8.300000190734862,13.699999809265135,37.83294448852539
779,8.199999809265138,13.699999809265135,37.74525909423828
782,8.100000381469728,13.600000381469727,37.07951126098633
785,8.100000381469728,13.5,37.028089904785155
788,8.100000381469728,13.40000057220459,38.53273544311524
791,8.199999809265138,13.40000057220459,36.97588119506836
794,8.199999809265138,13.600000381469727,36.93264923095703
797,8.199999809265138,13.600000381469727,37.97341918945313
800,8.199999809265138,13.600000381469727,36.433747100830075
803,8.100000381469728,13.40000057220459,37.890699768066405
806,8.100000381469728,13.40000057220459,37.326399993896494
809,8.199999809265138,13.40000057220459,37.561368560791024
812,8.199999809265138,13.5,37.60059204101562
815,8.199999809265138,13.5,37.16190185546875
818,8.199999809265138,13.600000381469727,36.799422454834
821,8.199999809265138,13.600000381469727,37.479600524902345
824,8.199999809265138,13.699999809265135,37.713629150390624
827,8.199999809265138,13.600000381469727,37.82398529052736
830,8.199999809265138,13.699999809265135,37.406166076660156
833,8.100000381469728,12.90000057220459,36.7851318359375
836,8.100000381469728,12.800000190734865,37.22483978271485
839,8.0,12.40000057220459,36.39109649658203
842,8.0,12.40000057220459,35.51165008544922
845,11.40000057220459,11.699999809265135,0.0
848,11.5,11.90000057220459,0.0
851,11.600000381469727,11.90000057220459,0.0
854,11.699999809265135,12.0,0.0
857,11.699999809265135,12.0,0.0
860,12.100000381469727,12.199999809265135,0.0
863,12.40000057220459,12.300000190734865,0.0
866,12.600000381469727,12.5,0.0
869,12.800000190734865,12.600000381469727,0.0
872,12.800000190734865,12.600000381469727,0.0
875,13.300000190734865,12.90000057220459,0.0
878,13.5,13.0,0.0
881,13.699999809265135,13.100000381469727,0.0
884,13.90000057220459,13.199999809265135,0.0
887,14.100000381469727,13.40000057220459,0.0
890,14.300000190734865,13.5,0.0
893,14.5,13.699999809265135,0.0
896,14.699999809265135,13.800000190734865,0.0
899,14.699999809265135,13.800000190734865,0.0
902,15.100000381469727,14.100000381469727,0.0
905,15.300000190734865,14.199999809265135,0.0
908,15.5,14.300000190734865,0.0
911,15.699999809265135,14.5,0.0
914,15.699999809265135,14.5,0.0
917,16.0,14.800000190734865,0.0
920,16.200000762939453,14.90000057220459,0.0
923,16.30000114440918,15.0,0.0
926,16.5,15.100000381469727,0.0
929,16.5,15.100000381469727,0.0
932,16.80000114440918,15.40000057220459,0.0
935,16.899999618530273,15.5,0.0
938,17.100000381469727,15.600000381469727,0.0
941,17.200000762939453,15.800000190734865,0.0
944,17.30000114440918,15.90000057220459,0.0
947,17.5,16.0,0.0
950,17.600000381469727,16.100000381469727,0.0
953,17.80000114440918,16.200000762939453,0.0
956,17.80000114440918,16.200000762939453,0.0
959,18.0,16.5,0.0
962,18.100000381469727,16.600000381469727,0.0
965,18.200000762939453,16.700000762939453,0.0
968,18.30000114440918,16.80000114440918,0.0
971,18.5,16.899999618530273,0.0
974,18.600000381469727,17.0,0.0
977,18.700000762939453,17.100000381469727,0.0
980,18.80000114440918,17.200000762939453,0.0
983,18.80000114440918,17.200000762939453,61.281245422363284
986,8.100000381469728,14.5,60.00071792602539
992,8.0,15.199999809265135,48.58429489135742
995,7.099999904632568,14.699999809265135,39.056424713134774
998,7.099999904632568,14.699999809265135,37.35145034790039
1001,8.100000381469728,13.90000057220459,38.59298324584961
1004,8.100000381469728,13.800000190734865,38.66126098632814
1007,8.100000381469728,13.699999809265135,37.80702133178711
1010,8.100000381469728,13.699999809265135,38.649979400634756
1013,8.100000381469728,13.699999809265135,38.43174819946289
1016,8.199999809265138,13.800000190734865,37.55222244262696
1019,8.100000381469728,13.90000057220459,38.572513580322266
1022,8.300000190734862,14.0,37.408800506591795
1025,8.300000190734862,14.0,37.75927200317383
1028,8.100000381469728,14.0,38.41672592163086
1031,8.100000381469728,13.90000057220459,38.95588912963867
1034,8.100000381469728,13.800000190734865,38.01370086669922
1037,8.100000381469728,13.800000190734865,38.5881591796875
1040,8.100000381469728,13.800000190734865,36.93374481201172
1043,8.199999809265138,13.800000190734865,37.06437225341797
1046,8.199999809265138,13.90000057220459,38.91992950439453
1049,8.199999809265138,13.800000190734865,37.11037139892578
1052,8.100000381469728,13.699999809265135,37.128205108642575
1055,8.100000381469728,13.699999809265135,37.814500427246095
1058,8.100000381469728,13.699999809265135,37.014122772216794
1061,8.199999809265138,13.800000190734865,38.84636840820313
1064,8.199999809265138,13.800000190734865,38.683404541015626
1067,8.100000381469728,13.699999809265135,38.089920806884756
1070,8.199999809265138,13.90000057220459,38.160552215576175
1073,8.100000381469728,13.800000190734865,38.117958068847656
1076,8.100000381469728,13.699999809265135,36.285092163085935
1079,8.100000381469728,13.600000381469727,38.29477462768555
1082,8.100000381469728,13.600000381469727,37.19905548095703
1085,8.100000381469728,13.600000381469727,37.69644546508789
1088,8.199999809265138,13.600000381469727,37.68332214355469
1091,8.199999809265138,13.699999809265135,37.23216934204103
1094,8.199999809265138,13.699999809265135,37.26754150390625
1097,8.100000381469728,13.5,36.117787170410146
1100,8.100000381469728,13.600000381469727,37.56137619018555
1103,8.100000381469728,13.5,37.69555816650391
1106,8.100000381469728,13.5,37.13190383911133
1109,8.100000381469728,13.5,38.36943817138672
1112,8.199999809265138,13.5,36.92549057006836
1115,8.199999809265138,13.600000381469727,37.76193542480469
1118,8.300000190734862,13.699999809265135,36.8067985534668
1121,8.0,13.0,36.3956916809082
1124,8.0,13.0,36.36731262207032
1127,8.100000381469728,12.600000381469727,36.27539672851562
1130,11.40000057220459,11.699999809265135,23.245301246643066
1133,11.40000057220459,11.800000190734865,0.0
1136,11.5,11.90000057220459,0.0
1139,11.5,11.90000057220459,0.0
1142,11.800000190734865,12.100000381469727,0.0
1145,12.0,12.199999809265135,0.0
1148,12.199999809265135,12.300000190734865,0.0
1151,12.40000057220459,12.40000057220459,0.0
1154,12.600000381469727,12.5,0.0
1157,12.90000057220459,12.600000381469727,0.0
1160,13.100000381469727,12.800000190734865,0.0
1163,13.300000190734865,12.90000057220459,0.0
1166,13.300000190734865,12.90000057220459,0.0
1169,13.699999809265135,13.199999809265135,0.0
1172,14.0,13.300000190734865,0.0
1175,14.199999809265135,13.40000057220459,0.0
1178,14.40000057220459,13.600000381469727,0.0
1181,14.600000381469727,13.699999809265135,0.0
1184,14.800000190734865,13.800000190734865,0.0
1187,15.0,14.0,0.0
1190,15.199999809265135,14.100000381469727,0.0
1193,15.199999809265135,14.100000381469727,0.0
1196,15.5,14.40000057220459,0.0
1199,15.699999809265135,14.5,0.0
1202,15.90000057220459,14.699999809265135,0.0
1205,16.0,14.800000190734865,0.0
1208,16.200000762939453,14.90000057220459,0.0
1211,16.30000114440918,15.100000381469727,0.0
1214,16.5,15.199999809265135,0.0
1217,16.600000381469727,15.300000190734865,0.0
1220,16.80000114440918,15.40000057220459,0.0
1223,16.899999618530273,15.5,0.0
1226,17.100000381469727,15.600000381469727,0.0
1229,17.200000762939453,15.800000190734865,0.0
1232,17.30000114440918,15.800000190734865,0.0
1235,17.5,16.0,0.0
1238,17.600000381469727,16.100000381469727,0.0
1241,17.80000114440918,16.30000114440918,0.0
1244,17.80000114440918,16.399999618530273,0.0
1247,18.0,16.5,0.0
1250,18.100000381469727,16.600000381469727,0.0
1253,18.200000762939453,16.700000762939453,0.0
1256,18.30000114440918,16.80000114440918,0.0
1259,18.5,16.899999618530273,0.0
1262,18.600000381469727,17.0,0.0
1265,18.700000762939453,17.100000381469727,0.0
1268,18.80000114440918,17.200000762939453,0.0
1271,10.100000381469727,17.100000381469727,60.803042602539065
1274,8.100000381469728,14.300000190734865,61.02144927978516
1277,8.800000190734863,16.200000762939453,49.57611999511719
1280,8.0,15.199999809265135,48.12297592163086
1283,8.0,15.199999809265135,39.76836624145508
1286,8.100000381469728,14.300000190734865,37.45728454589844
1289,8.100000381469728,13.90000057220459,38.12958374023437
1292,8.199999809265138,13.90000057220459,37.95779113769531
1295,8.100000381469728,14.0,38.82517013549805
1298,8.100000381469728,14.0,38.531327056884756
1301,8.100000381469728,13.90000057220459,37.949954986572266
1304,8.100000381469728,13.90000057220459,38.94850082397461
1310,8.199999809265138,13.90000057220459,39.556576538085935
1313,8.199999809265138,13.90000057220459,37.58348693847656
1316,8.199999809265138,13.90000057220459,39.01914978027344
1319,8.199999809265138,13.800000190734865,37.92986068725586
1322,8.100000381469728,13.800000190734865,37.8640022277832
1325,8.100000381469728,13.600000381469727,38.84997024536133
1328,8.100000381469728,13.600000381469727,38.150611877441406
1331,8.100000381469728,13.699999809265135,39.13109893798829
1334,8.100000381469728,13.800000190734865,38.53209762573242
1337,8.100000381469728,13.800000190734865,37.87283248901368
1340,8.100000381469728,13.90000057220459,38.20868530273437
1343,8.100000381469728,13.90000057220459,36.5546127319336
1346,8.199999809265138,13.800000190734865,37.791676330566396
1349,8.100000381469728,13.90000057220459,37.42423934936525
1352,8.100000381469728,13.90000057220459,37.389310455322274
1355,8.100000381469728,13.699999809265135,37.80731735229492
1358,8.100000381469728,13.600000381469727,37.17692337036133
1361,8.100000381469728,13.5,38.75964431762695
1364,8.100000381469728,13.600000381469727,38.29977416992188
1367,8.100000381469728,13.600000381469727,39.56946563720703
1370,8.199999809265138,13.699999809265135,38.15434265136719
1373,8.199999809265138,13.800000190734865,38.61963806152344
1376,8.100000381469728,13.699999809265135,36.93983612060547
1379,8.100000381469728,13.699999809265135,38.20876007080078
1382,8.100000381469728,13.699999809265135,39.84495620727539
1385,8.100000381469728,13.699999809265135,37.75944519042969
1388,8.100000381469728,13.699999809265135,37.47570190429688
1391,8.199999809265138,13.699999809265135,38.581890869140615
1394,8.199999809265138,13.800000190734865,35.606666564941406
1397,8.199999809265138,13.699999809265135,37.801526641845705
1400,8.100000381469728,13.699999809265135,37.48897171020508
1403,8.100000381469728,13.600000381469727,36.47208633422851
1406,8.100000381469728,13.600000381469727,37.83081207275391
1409,8.100000381469728,13.600000381469727,37.15164337158203
1412,8.100000381469728,12.800000190734865,36.91244888305664
1415,8.0,12.40000057220459,35.37237777709961
1418,11.40000057220459,11.600000381469727,23.022025489807127
1421,11.40000057220459,11.699999809265135,0.0
1424,11.5,11.90000057220459,0.0
1427,11.600000381469727,11.90000057220459,0.0
1430,11.699999809265135,12.0,0.0
1433,11.90000057220459,12.100000381469727,0.0
1436,11.90000057220459,12.100000381469727,0.0
1439,12.40000057220459,12.40000057220459,0.0
1442,12.600000381469727,12.5,0.0
1445,12.800000190734865,12.600000381469727,0.0
1448,13.100000381469727,12.699999809265135,0.0
1451,13.100000381469727,12.699999809265135,0.0
1454,13.5,13.0,0.0
1457,13.699999809265135,13.100000381469727,0.0
1460,13.90000057220459,13.300000190734865,0.0
1463,14.100000381469727,13.40000057220459,0.0
1466,14.300000190734865,13.5,0.0
1469,14.5,13.699999809265135,0.0
1472,14.699999809265135,13.800000190734865,0.0
1475,14.90000057220459,14.0,0.0
1478,14.90000057220459,14.0,0.0
1481,15.300000190734865,14.199999809265135,0.0
1484,15.5,14.40000057220459,0.0
1487,15.600000381469727,14.5,0.0
1490,15.800000190734865,14.600000381469727,0.0
1493,15.800000190734865,14.600000381469727,0.0
1496,16.200000762939453,14.90000057220459,0.0
1499,16.30000114440918,15.0,0.0
1502,16.5,15.199999809265135,0.0
1505,16.600000381469727,15.300000190734865,0.0
1508,16.80000114440918,15.40000057220459,0.0
1511,16.899999618530273,15.5,0.0
1514,17.0,15.600000381469727,0.0
1517,17.200000762939453,15.699999809265135,0.0
1520,17.30000114440918,15.800000190734865,0.0
1523,17.5,15.90000057220459,0.0
1526,17.600000381469727,16.0,0.0
1529,17.700000762939453,16.200000762939453,0.0
1532,17.700000762939453,16.200000762939453,0.0
1535,18.0,16.5,0.0
1538,18.100000381469727,16.600000381469727,0.0
1541,18.200000762939453,16.700000762939453,0.0
1544,18.30000114440918,16.700000762939453,0.0
1547,18.30000114440918,16.700000762939453,0.0
1550,18.600000381469727,17.0,0.0
1553,18.700000762939453,17.100000381469727,0.0
1556,18.80000114440918,17.200000762939453,0.0
1559,16.899999618530273,17.30000114440918,0.0
1562,16.899999618530273,17.30000114440918,0.0
1565,17.0,17.30000114440918,0.0
1568,17.100000381469727,17.30000114440918,0.0
1571,17.200000762939453,17.399999618530273,0.0
1574,17.30000114440918,17.5,11.509153747558596
1577,14.5,14.800000190734865,0.0
1580,14.600000381469727,14.90000057220459,0.0
1583,14.699999809265135,15.0,0.0
1586,14.699999809265135,15.0,15.047975158691404
1589,8.100000381469728,14.300000190734865,36.40795059204103
1592,8.100000381469728,14.0,36.87249526977539
1595,8.100000381469728,14.0,38.50032806396485
1598,8.100000381469728,14.100000381469727,37.73107986450195
1601,8.199999809265138,14.0,37.36965942382813
1604,8.199999809265138,14.0,37.964175415039065
1607,8.100000381469728,14.0,38.93691711425781
1610,8.199999809265138,13.90000057220459,37.70841903686525
1613,8.199999809265138,13.90000057220459,38.49930191040039
1616,8.199999809265138,13.800000190734865,37.59795455932617
1619,8.100000381469728,13.800000190734865,38.39808654785156
1622,8.100000381469728,13.699999809265135,36.91360015869141
1625,8.199999809265138,13.800000190734865,38.86432418823242
1628,8.100000381469728,13.600000381469727,36.696826171875
1631,8.199999809265138,13.699999809265135,38.061822509765626
1634,8.199999809265138,13.800000190734865,36.444374084472656
1637,8.100000381469728,13.800000190734865,36.727301025390624
1640,8.199999809265138,13.90000057220459,38.21749649047853
1643,8.100000381469728,13.90000057220459,36.23650436401367
1646,8.100000381469728,13.90000057220459,36.68773651123047
1649,8.100000381469728,13.699999809265135,36.670458221435545
1652,8.100000381469728,13.699999809265135,36.06111602783203
1655,8.100000381469728,13.600000381469727,36.583119201660146
1658,8.100000381469728,13.600000381469727,36.88744430541992
1661,8.300000190734862,13.699999809265135,35.31424102783203
1664,8.300000190734862,13.699999809265135,37.47811050415039
1667,8.100000381469728,13.699999809265135,37.39704818725586
1670,8.100000381469728,13.800000190734865,37.65896911621094
1673,8.100000381469728,13.800000190734865,37.53127593994141
1676,8.100000381469728,13.800000190734865,37.59284439086914
1679,8.100000381469728,13.800000190734865,36.45404586791992
1682,8.199999809265138,13.800000190734865,37.99823303222657
1685,8.199999809265138,13.699999809265135,37.468563842773435
1688,8.100000381469728,13.699999809265135,36.533824157714854
1691,8.199999809265138,13.699999809265135,36.786181640625
1694,8.199999809265138,13.699999809265135,36.47608337402344
1697,8.100000381469728,13.0,37.360096740722646
1700,8.100000381469728,12.90000057220459,36.00746154785156
1703,8.0,12.600000381469727,35.79683151245117
1706,8.100000381469728,12.300000190734865,34.85526580810547
1709,8.100000381469728,11.199999809265137,31.667641830444328
1712,8.100000381469728,11.0,32.269751358032224
1715,8.100000381469728,10.699999809265137,31.80254249572754
1718,10.0,10.199999809265137,28.125503540039066
1721,10.0,10.199999809265137,0.0
1724,10.199999809265137,10.5,0.0
1727,10.300000190734863,10.600000381469727,0.0
1730,10.5,10.699999809265137,0.0
1733,10.699999809265137,10.800000190734863,0.0
1736,11.0,11.0,0.0
1739,11.199999809265137,11.100000381469727,0.0
1742,11.40000057220459,11.199999809265137,0.0
1745,11.699999809265135,11.300000190734865,0.0
1748,11.699999809265135,11.300000190734865,0.0
1751,12.100000381469727,11.600000381469727,0.0
1754,12.40000057220459,11.800000190734865,0.0
1757,12.600000381469727,11.90000057220459,0.0
1760,12.800000190734865,12.0,0.0
1763,12.800000190734865,12.0,0.0
1766,13.300000190734865,12.300000190734865,0.0
1769,13.5,12.5,0.0
1772,13.699999809265135,12.600000381469727,0.0
1775,13.90000057220459,12.800000190734865,0.0
1778,13.90000057220459,12.800000190734865,0.0
1781,14.300000190734865,13.100000381469727,0.0
1784,14.5,13.300000190734865,0.0
1787,14.699999809265135,13.5,0.0
1790,14.90000057220459,13.600000381469727,0.0
1793,15.100000381469727,13.800000190734865,0.0
1796,15.300000190734865,14.0,0.0
1799,15.40000057220459,14.199999809265135,0.0
1802,15.600000381469727,14.300000190734865,0.0
1805,15.600000381469727,14.300000190734865,0.0
1808,15.90000057220459,14.699999809265135,0.0
1811,16.100000381469727,14.800000190734865,0.0
1814,16.200000762939453,15.0,0.0
1817,16.399999618530273,15.199999809265135,0.0
1820,16.600000381469727,15.300000190734865,0.0
1823,16.700000762939453,15.5,0.0
1826,16.80000114440918,15.699999809265135,0.0
1829,17.0,15.800000190734865,0.0
1832,17.100000381469727,16.0,0.0
1835,17.30000114440918,16.100000381469727,0.0
1838,17.399999618530273,16.30000114440918,0.0
1841,15.199999809265135,15.5,0.0
1844,15.199999809265135,15.5,0.0
1847,15.300000190734865,15.600000381469727,0.0
1850,15.40000057220459,15.600000381469727,0.0
1853,15.600000381469727,15.699999809265135,0.0
1856,8.0,14.40000057220459,37.06048202514648
1859,8.100000381469728,13.90000057220459,38.11202926635743
1862,8.100000381469728,13.800000190734865,38.4164421081543
1865,8.199999809265138,13.800000190734865,38.204263305664064
1868,8.199999809265138,13.800000190734865,39.11879806518553
1871,8.199999809265138,13.800000190734865,38.47043991088867
1874,8.199999809265138,13.800000190734865,38.127960968017575
1877,8.100000381469728,13.800000190734865,38.30784149169922
1880,8.199999809265138,13.800000190734865,37.78177795410157
1883,8.199999809265138,13.800000190734865,37.619371795654295
1886,8.100000381469728,13.90000057220459,37.8806266784668
1889,8.199999809265138,13.800000190734865,37.84318923950195
1892,8.199999809265138,13.800000190734865,38.449881744384776
1895,8.199999809265138,13.800000190734865,38.057950592041024
1898,8.199999809265138,13.800000190734865,38.034635162353524
1901,8.100000381469728,13.699999809265135,37.69129714965821
1904,8.100000381469728,13.699999809265135,37.67468032836914
1907,8.100000381469728,13.699999809265135,38.8082389831543
1910,8.100000381469728,13.699999809265135,37.52953567504883
1913,8.100000381469728,13.699999809265135,37.181612396240226
1916,8.100000381469728,13.699999809265135,38.39269790649414
1919,8.100000381469728,13.600000381469727,37.93724899291992
1922,8.199999809265138,13.699999809265135,37.89040603637695
1925,8.199999809265138,13.699999809265135,38.17070083618164
1928,8.100000381469728,13.800000190734865,36.26505355834961
1931,8.100000381469728,13.800000190734865,38.028167724609375
1934,8.199999809265138,13.90000057220459,37.08825149536133
1937,8.199999809265138,13.90000057220459,36.19348373413086
1940,8.100000381469728,13.90000057220459,38.39970321655274
1943,8.100000381469728,13.90000057220459,37.83907089233399
1946,8.100000381469728,13.800000190734865,36.91239776611328
1949,8.199999809265138,13.800000190734865,38.07508544921875
1952,8.100000381469728,13.699999809265135,37.19435958862304
1955,8.100000381469728,13.699999809265135,37.166703033447256
1958,8.199999809265138,13.699999809265135,37.75561294555664
1961,8.100000381469728,13.800000190734865,38.52664184570313
1964,8.100000381469728,13.800000190734865,37.156141662597655
1967,8.100000381469728,13.699999809265135,38.26422271728516
1970,8.100000381469728,13.699999809265135,37.89626541137695
1973,8.199999809265138,13.699999809265135,37.89133071899414
1976,8.100000381469728,13.600000381469727,37.87704849243164
1979,8.199999809265138,13.600000381469727,37.93965988159179
1982,8.100000381469728,13.600000381469727,37.960396575927724
1985,8.100000381469728,12.800000190734865,37.35366439819336
1988,8.100000381469728,12.800000190734865,36.67081680297851
1991,8.100000381469728,12.800000190734865,36.31832733154297
1994,8.100000381469728,12.100000381469727,35.22629928588867
1997,8.100000381469728,11.100000381469727,32.861868667602536
2000,8.100000381469728,10.800000190734863,32.330860137939446
2003,8.100000381469728,10.600000381469727,32.069568634033196
2006,8.100000381469728,10.600000381469727,22.993957901000968
2009,10.0,10.300000190734863,0.0
2012,10.100000381469727,10.5,0.0
2015,10.300000190734863,10.5,0.0
2018,10.5,10.699999809265137,0.0
2021,10.699999809265137,10.800000190734863,0.0
2024,10.699999809265137,10.800000190734863,0.0
2027,11.199999809265137,11.100000381469727,0.0
2030,11.40000057220459,11.199999809265137,0.0
2033,11.699999809265135,11.300000190734865,0.0
2036,11.90000057220459,11.5,0.0
2039,11.90000057220459,11.5,0.0
2042,12.40000057220459,11.800000190734865,0.0
2045,12.699999809265135,11.90000057220459,0.0
2048,12.90000057220459,12.100000381469727,0.0
2051,13.100000381469727,12.199999809265135,0.0
2054,13.40000057220459,12.40000057220459,0.0
2057,13.600000381469727,12.5,0.0
2060,13.800000190734865,12.699999809265135,0.0
2063,14.0,12.800000190734865,0.0
2066,14.0,12.800000190734865,0.0
2069,14.40000057220459,13.199999809265135,0.0
2072,14.600000381469727,13.300000190734865,0.0
2075,14.800000190734865,13.40000057220459,0.0
2078,15.0,13.600000381469727,0.0
2081,15.0,13.600000381469727,0.0
2084,15.300000190734865,13.800000190734865,0.0
2087,15.5,14.0,0.0
2090,15.699999809265135,14.100000381469727,0.0
2093,15.90000057220459,14.300000190734865,0.0
2096,16.0,14.40000057220459,0.0
2099,16.200000762939453,14.5,0.0
2102,16.30000114440918,14.699999809265135,0.0
2105,16.5,14.800000190734865,0.0
2108,16.5,14.800000190734865,0.0
2111,16.80000114440918,15.100000381469727,0.0
2114,16.899999618530273,15.199999809265135,0.0
2117,14.5,14.800000190734865,0.0
2120,14.600000381469727,14.800000190734865,0.0
2123,14.699999809265135,14.90000057220459,0.0
2126,14.800000190734865,15.0,0.0
2129,15.0,15.100000381469727,0.0
2132,15.199999809265135,15.199999809265135,0.0
2135,15.300000190734865,15.300000190734865,0.0
2138,15.5,15.300000190734865,0.0
2141,15.600000381469727,15.40000057220459,0.0
2144,15.800000190734865,15.600000381469727,0.0
2147,15.90000057220459,15.699999809265135,0.0
2150,16.100000381469727,15.800000190734865,0.0
2153,16.200000762939453,15.90000057220459,0.0
2156,16.399999618530273,16.0,0.0
2159,16.5,16.200000762939453,0.0
2162,16.700000762939453,16.30000114440918,0.0
2165,16.80000114440918,16.399999618530273,0.0
2168,17.0,16.5,0.0
2171,17.0,16.5,0.0
2174,17.30000114440918,16.700000762939453,0.0
2177,17.399999618530273,16.899999618530273,0.0
2180,17.5,17.0,0.0
2183,17.700000762939453,17.100000381469727,0.0
2186,17.700000762939453,17.100000381469727,0.0
2189,18.0,17.30000114440918,0.0
2192,18.100000381469727,17.399999618530273,0.0
2195,18.200000762939453,17.5,0.0
2198,18.30000114440918,17.600000381469727,0.0
2201,18.5,17.700000762939453,0.0
2204,18.600000381469727,17.80000114440918,0.0
2207,18.700000762939453,17.899999618530273,0.0
2210,18.80000114440918,18.0,0.0
2213,18.80000114440918,18.0,0.0
2216,19.0,18.200000762939453,0.0
2219,19.100000381469727,18.30000114440918,0.0
2222,19.200000762939453,18.399999618530273,0.0
2225,19.30000114440918,18.5,0.0
2228,19.5,18.600000381469727,0.0
2231,19.600000381469727,18.700000762939453,0.0
2234,19.700000762939453,18.80000114440918,0.0
2237,19.80000114440918,18.899999618530273,0.0
2240,19.80000114440918,18.899999618530273,0.0
2243,19.899999618530273,19.100000381469727,0.0
2246,20.0,19.200000762939453,0.0
2249,20.100000381469727,19.30000114440918,0.0
2252,20.200000762939453,19.30000114440918,0.0
2255,20.30000114440918,19.399999618530273,0.0
2258,20.399999618530273,19.5,0.0
2261,20.5,19.600000381469727,0.0
2264,20.600000381469727,19.700000762939453,0.0
2267,20.600000381469727,19.700000762939453,0.0
2270,20.700000762939453,19.899999618530273,0.0
2273,20.80000114440918,19.899999618530273,0.0
2276,20.899999618530273,20.100000381469727,0.0
2279,21.0,20.100000381469727,0.0
2282,21.0,20.100000381469727,0.0
2285,21.100000381469727,20.30000114440918,0.0
2288,21.200000762939453,20.399999618530273,0.0
2291,21.30000114440918,20.399999618530273,0.0
2294,21.399999618530273,20.5,0.0
2297,21.399999618530273,20.600000381469727,0.0
2300,21.5,20.700000762939453,0.0
2303,21.600000381469727,20.700000762939453,0.0
2306,21.600000381469727,20.80000114440918,0.0
2309,21.700000762939453,20.899999618530273,0.0
2312,21.80000114440918,20.899999618530273,0.0
2315,21.80000114440918,21.0,0.0
2318,21.899999618530273,21.100000381469727,0.0
2321,21.899999618530273,21.100000381469727,0.0
2324,22.0,21.200000762939453,0.0
2327,22.100000381469727,21.200000762939453,0.0
2330,22.200000762939453,21.30000114440918,0.0
2333,22.200000762939453,21.399999618530273,0.0
2336,22.200000762939453,21.399999618530273,0.0
2339,22.30000114440918,21.5,0.0
2342,22.399999618530273,21.600000381469727,0.0
2345,22.5,21.700000762939453,0.0
2348,22.5,21.700000762939453,0.0
2351,22.5,21.700000762939453,0.0
2354,22.60000038146973,21.899999618530273,0.0
2357,22.70000076293945,21.899999618530273,0.0
2360,22.70000076293945,22.0,0.0
2363,22.80000114440918,22.100000381469727,0.0
2366,22.899999618530273,22.100000381469727,0.0
2369,22.899999618530273,22.200000762939453,0.0
2372,23.0,22.200000762939453,0.0
2375,23.0,22.30000114440918,0.0
2378,23.10000038146973,22.30000114440918,0.0
2381,23.10000038146973,22.399999618530273,0.0
2384,23.20000076293945,22.5,0.0
2387,23.20000076293945,22.5,0.0
2390,23.20000076293945,22.5,0.0
2393,23.30000114440918,22.60000038146973,0.0
2396,23.399999618530273,22.70000076293945,0.0
2399,23.399999618530273,22.80000114440918,0.0
2402,23.5,22.80000114440918,0.0
2405,23.5,22.80000114440918,0.0
2408,23.60000038146973,22.899999618530273,0.0
2411,23.60000038146973,23.0,0.0
2414,23.60000038146973,23.0,0.0
2417,23.60000038146973,23.10000038146973,0.0
2420,23.60000038146973,23.10000038146973,0.0
2423,23.70000076293945,23.20000076293945,0.0
2426,23.70000076293945,23.20000076293945,0.0
2429,23.80000114440918,23.30000114440918,0.0
2432,23.80000114440918,23.30000114440918,0.0
2435,23.80000114440918,23.30000114440918,0.0
2438,23.899999618530273,23.399999618530273,0.0
2441,23.899999618530273,23.5,0.0
2444,23.899999618530273,23.5,0.0
2447,14.300000190734865,14.5,39.34282455444336
2450,8.300000190734862,15.199999809265135,37.76053009033203
2453,8.100000381469728,14.0,37.76185607910156
2456,8.100000381469728,13.90000057220459,38.77570877075196
2459,8.199999809265138,13.90000057220459,37.552633666992186
2462,8.100000381469728,13.90000057220459,37.725577545166026
2465,8.199999809265138,14.0,37.56838684082031
2468,8.100000381469728,14.0,38.89429397583008
2471,8.199999809265138,14.0,36.945357513427744
2474,8.199999809265138,14.0,37.08781814575195
2477,8.100000381469728,13.90000057220459,36.90281219482422
2480,8.100000381469728,13.90000057220459,38.34021759033203
2483,8.100000381469728,14.0,37.586238098144534
2486,8.100000381469728,13.90000057220459,38.64844436645508
2489,8.199999809265138,13.90000057220459,37.67342529296875
2492,8.100000381469728,13.90000057220459,38.30724487304688
2495,8.100000381469728,13.5,38.15433044433594
2498,8.100000381469728,13.40000057220459,37.68740234375
2501,8.100000381469728,13.5,37.33009719848633
2504,8.300000190734862,13.600000381469727,37.50028076171875
2507,8.300000190734862,13.699999809265135,36.7177978515625
2510,8.199999809265138,13.699999809265135,37.4213264465332
2513,8.199999809265138,13.699999809265135,38.147200775146494
2516,8.100000381469728,13.699999809265135,37.704068756103524
2519,8.100000381469728,13.699999809265135,37.362660217285146
2522,8.199999809265138,13.800000190734865,36.75803604125976
2525,8.199999809265138,13.800000190734865,37.940567779541006
2528,8.100000381469728,13.800000190734865,37.386141204833976
2531,8.100000381469728,13.800000190734865,36.994161987304686
2534,8.100000381469728,13.800000190734865,37.29099807739258
2537,8.199999809265138,13.800000190734865,37.669749450683604
2540,8.100000381469728,13.699999809265135,37.26178588867187
2543,8.100000381469728,13.699999809265135,37.23035964965821
2546,8.100000381469728,13.699999809265135,37.325899505615226
2549,8.100000381469728,13.600000381469727,38.211727905273435
2552,8.100000381469728,13.600000381469727,37.03455505371094
2555,8.100000381469728,13.600000381469727,37.010208892822256
2558,8.100000381469728,13.600000381469727,36.81611862182617
2561,8.100000381469728,12.90000057220459,36.35820693969728
2564,8.100000381469728,12.90000057220459,36.69905776977539
2567,8.100000381469728,12.5,35.588836669921875
2570,11.699999809265135,12.5,0.0
2573,11.699999809265135,12.100000381469727,0.0
2576,11.800000190734865,12.199999809265135,0.0
2579,11.800000190734865,12.300000190734865,0.0
2582,12.100000381469727,12.40000057220459,0.0
2585,12.300000190734865,12.5,0.0
2588,12.600000381469727,12.600000381469727,0.0
2591,12.800000190734865,12.699999809265135,0.0
2594,12.800000190734865,12.800000190734865,0.0
2597,13.300000190734865,13.0,0.0
2600,13.5,13.100000381469727,0.0
2603,13.699999809265135,13.199999809265135,0.0
2606,13.90000057220459,13.40000057220459,0.0
2609,13.90000057220459,13.40000057220459,0.0
2612,14.40000057220459,13.600000381469727,0.0
2615,14.600000381469727,13.800000190734865,0.0
2618,14.800000190734865,13.90000057220459,0.0
2621,15.0,14.100000381469727,0.0
2624,15.0,14.100000381469727,0.0
2627,15.300000190734865,14.300000190734865,0.0
2630,15.5,14.5,0.0
2633,15.699999809265135,14.600000381469727,0.0
2636,15.90000057220459,14.699999809265135,0.0
2639,16.100000381469727,14.90000057220459,0.0
2642,16.30000114440918,15.0,0.0
2645,16.399999618530273,15.100000381469727,0.0
2648,16.600000381469727,15.300000190734865,0.0
2651,16.700000762939453,15.40000057220459,0.0
2654,16.899999618530273,15.5,0.0
2657,17.0,15.600000381469727,0.0
2660,17.200000762939453,15.800000190734865,0.0
2663,17.200000762939453,15.800000190734865,0.0
2666,17.5,16.0,0.0
2669,17.600000381469727,16.100000381469727,0.0
2672,17.80000114440918,16.30000114440918,0.0
2675,17.899999618530273,16.399999618530273,0.0
2678,17.899999618530273,16.399999618530273,0.0
2681,18.100000381469727,16.600000381469727,0.0
2684,18.30000114440918,16.700000762939453,0.0
2687,18.399999618530273,16.899999618530273,0.0
2690,18.5,17.0,0.0
2693,18.600000381469727,17.100000381469727,0.0
2696,18.700000762939453,17.200000762939453,0.0
2699,18.80000114440918,17.30000114440918,0.0
2702,19.0,17.399999618530273,0.0
2705,19.100000381469727,17.5,0.0
2708,19.100000381469727,17.600000381469727,0.0
2711,10.300000190734863,17.5,60.09279022216797
2714,8.100000381469728,14.40000057220459,59.21368026733398
2717,8.100000381469728,14.40000057220459,49.03503646850586
2720,8.0,15.100000381469727,48.2660514831543
2723,7.099999904632568,14.300000190734865,36.213923645019534
2726,8.199999809265138,13.699999809265135,39.1249755859375
2729,8.100000381469728,13.600000381469727,38.147254943847656
2732,8.100000381469728,13.600000381469727,38.16285095214844
2735,8.0,13.5,37.425733184814455
2738,8.100000381469728,13.600000381469727,38.82353820800781
2741,8.199999809265138,13.5,37.99098739624024
2744,8.100000381469728,13.5,38.534829711914064
2747,8.100000381469728,13.5,37.23610916137695
2750,8.199999809265138,13.600000381469727,37.976065826416026
2753,8.199999809265138,13.600000381469727,37.8330307006836
2756,8.100000381469728,13.5,37.66524124145508
2759,8.100000381469728,13.5,37.80401077270508
2762,8.100000381469728,13.600000381469727,38.83516616821289
2765,8.100000381469728,13.600000381469727,37.495409393310545
2768,8.100000381469728,13.600000381469727,38.54716415405274
2771,8.100000381469728,13.5,37.34661407470704
2774,8.100000381469728,13.40000057220459,37.55383529663086
2777,8.100000381469728,13.40000057220459,37.46609039306641
2780,8.199999809265138,13.40000057220459,37.87853164672853
2783,8.100000381469728,13.40000057220459,37.64342727661133
2786,8.100000381469728,13.40000057220459,36.92831726074219
2789,8.199999809265138,13.5,38.42252044677734
2792,8.199999809265138,13.5,36.888262939453135
2795,8.199999809265138,13.5,37.450975036621095
2798,8.199999809265138,13.600000381469727,37.87018356323242
2801,8.199999809265138,13.600000381469727,38.72260437011719
2804,8.100000381469728,13.40000057220459,37.60426254272461
2807,8.100000381469728,13.40000057220459,38.2097526550293
2810,8.100000381469728,13.40000057220459,38.10111389160157
2813,8.300000190734862,13.600000381469727,38.242909240722646
2816,8.199999809265138,13.699999809265135,39.01520385742187
2819,8.199999809265138,13.699999809265135,38.33546142578125
2822,8.100000381469728,13.600000381469727,36.68533325195313
2825,8.100000381469728,13.600000381469727,37.20591888427735
2828,8.100000381469728,13.600000381469727,35.99566650390625
2831,8.100000381469728,13.600000381469727,36.66477584838867
2834,8.100000381469728,13.600000381469727,37.93555221557617
2837,8.100000381469728,13.600000381469727,37.428121948242186
2840,8.100000381469728,13.600000381469727,37.44483718872071
2843,8.100000381469728,13.600000381469727,37.5108642578125
2846,8.100000381469728,13.5,36.61331176757813
2849,8.100000381469728,12.800000190734865,37.749559783935545
2852,8.199999809265138,12.90000057220459,36.81433486938477
2855,8.100000381469728,12.40000057220459,35.33087387084961
2858,8.100000381469728,12.40000057220459,27.83899688720703
2861,11.5,11.800000190734865,0.0
2864,11.600000381469727,11.90000057220459,0.0
2867,11.699999809265135,12.0,0.0
2870,11.800000190734865,12.100000381469727,0.0
2873,12.0,12.199999809265135,0.0
2876,12.300000190734865,12.300000190734865,0.0
2879,12.5,12.40000057220459,0.0
2882,12.699999809265135,12.600000381469727,0.0
2885,12.699999809265135,12.600000381469727,0.0
2888,13.199999809265135,12.800000190734865,0.0
2891,13.40000057220459,13.0,0.0
2894,13.600000381469727,13.100000381469727,0.0
2897,13.90000057220459,13.300000190734865,0.0
2900,13.90000057220459,13.300000190734865,0.0
2903,14.300000190734865,13.5,0.0
2906,14.5,13.699999809265135,0.0
2909,14.699999809265135,13.800000190734865,0.0
2912,14.90000057220459,13.90000057220459,0.0
2915,14.90000057220459,14.0,0.0
2918,15.300000190734865,14.199999809265135,0.0
2921,15.5,14.40000057220459,0.0
2924,15.699999809265135,14.5,0.0
2927,15.800000190734865,14.600000381469727,0.0
2930,15.800000190734865,14.600000381469727,0.0
2933,16.200000762939453,14.90000057220459,0.0
2936,16.30000114440918,15.0,0.0
2939,16.5,15.199999809265135,0.0
2942,16.700000762939453,15.300000190734865,0.0
2945,16.80000114440918,15.40000057220459,0.0
2948,17.0,15.5,0.0
2951,17.100000381469727,15.600000381469727,0.0
2954,17.200000762939453,15.800000190734865,0.0
2957,17.200000762939453,15.800000190734865,0.0
2960,17.5,16.0,0.0
2963,17.600000381469727,16.100000381469727,0.0
2966,17.80000114440918,16.30000114440918,0.0
2969,17.899999618530273,16.399999618530273,0.0
2972,17.899999618530273,16.399999618530273,0.0
2975,18.200000762939453,16.600000381469727,0.0
2978,18.30000114440918,16.700000762939453,0.0
2981,18.399999618530273,16.80000114440918,0.0
2984,18.5,17.0,0.0
2987,18.5,17.0,0.0
2990,18.700000762939453,17.200000762939453,0.0
2993,18.80000114440918,17.200000762939453,0.0
2996,19.0,17.30000114440918,0.0
2999,10.199999809265137,17.30000114440918,59.43166427612304
3002,8.0,14.199999809265135,59.951954650878896
3005,8.5,16.0,49.66674880981445
3008,8.0,15.0,48.89532470703125
3011,7.099999904632568,14.300000190734865,37.260723876953115
3014,8.100000381469728,13.800000190734865,38.03340606689453
3017,8.100000381469728,13.699999809265135,38.382789611816406
3020,8.100000381469728,13.600000381469727,39.242630767822256
3023,8.100000381469728,13.600000381469727,38.57311172485353
3026,8.199999809265138,13.600000381469727,39.02967224121094
3029,8.100000381469728,13.600000381469727,37.683243560791006
3032,8.100000381469728,13.600000381469727,38.55006637573242
3035,8.100000381469728,13.600000381469727,39.363284301757815
3038,8.199999809265138,13.699999809265135,38.55414505004883
3041,8.100000381469728,13.600000381469727,38.13042068481445
3044,8.199999809265138,13.600000381469727,38.188446807861325
3047,8.199999809265138,13.600000381469727,37.61811065673828
3050,8.199999809265138,13.600000381469727,37.83410568237305
3053,8.199999809265138,13.699999809265135,37.48895874023437
3056,8.199999809265138,13.699999809265135,38.40658187866211
3059,8.100000381469728,13.699999809265135,38.4400520324707
3062,8.100000381469728,13.699999809265135,37.32682266235353
3065,8.100000381469728,13.600000381469727,38.701951599121095
3068,8.100000381469728,13.600000381469727,37.63199157714844
3071,8.100000381469728,13.5,38.64049301147461
3074,8.100000381469728,13.600000381469727,37.46849365234375
3077,8.100000381469728,13.5,38.20375747680664
3080,8.199999809265138,13.600000381469727,38.03408279418945
3083,8.100000381469728,13.600000381469727,37.53500747680664
3086,8.199999809265138,13.600000381469727,38.28321609497071
3089,8.199999809265138,13.600000381469727,38.004337310791016
3092,8.300000190734862,13.699999809265135,38.697201538085935
3095,8.199999809265138,13.699999809265135,38.027510833740244
3098,8.199999809265138,13.699999809265135,36.94706573486328
3101,8.199999809265138,13.699999809265135,38.15004653930664
3104,8.199999809265138,13.699999809265135,36.89817276000976
3107,8.100000381469728,13.800000190734865,37.89796981811524
3110,8.199999809265138,13.800000190734865,37.64366989135742
3113,8.199999809265138,13.800000190734865,38.283333587646474
3116,8.100000381469728,13.800000190734865,36.68996353149414
3119,8.100000381469728,13.800000190734865,37.88445358276367
3122,8.100000381469728,13.800000190734865,37.4134994506836
3125,8.100000381469728,13.699999809265135,37.44758605957031
3128,8.100000381469728,13.600000381469727,37.720970916748044
3131,8.100000381469728,13.600000381469727,38.41208190917969
3134,8.100000381469728,13.600000381469727,38.02912673950196
3137,8.100000381469728,12.90000057220459,37.26104736328125
3140,8.100000381469728,12.800000190734865,36.68147277832031
3143,8.100000381469728,12.40000057220459,35.83953247070313
3146,8.100000381469728,12.40000057220459,21.723525404930115
3149,11.40000057220459,11.800000190734865,0.0
3152,11.5,11.90000057220459,0.0
3155,11.600000381469727,12.0,0.0
3158,11.800000190734865,12.100000381469727,0.0
3161,11.800000190734865,12.100000381469727,0.0
3164,12.199999809265135,12.300000190734865,0.0
3167,12.40000057220459,12.40000057220459,0.0
3170,12.699999809265135,12.5,0.0
3173,12.90000057220459,12.699999809265135,0.0
3176,12.90000057220459,12.699999809265135,0.0
3179,13.40000057220459,12.90000057220459,0.0
3182,13.600000381469727,13.100000381469727,0.0
3185,13.800000190734865,13.199999809265135,0.0
3188,14.0,13.300000190734865,0.0
3191,14.199999809265135,13.5,0.0
3194,14.40000057220459,13.600000381469727,0.0
3197,14.600000381469727,13.699999809265135,0.0
3200,14.800000190734865,13.90000057220459,0.0
3203,15.0,14.0,0.0
3206,15.199999809265135,14.199999809265135,0.0
3209,15.40000057220459,14.300000190734865,0.0
3212,15.600000381469727,14.40000057220459,0.0
3215,15.600000381469727,14.40000057220459,0.0
3218,15.90000057220459,14.699999809265135,0.0
3221,16.100000381469727,14.90000057220459,0.0
3224,16.30000114440918,15.0,0.0
3227,16.399999618530273,15.100000381469727,0.0
3230,16.399999618530273,15.100000381469727,0.0
3233,16.700000762939453,15.40000057220459,0.0
3236,16.899999618530273,15.5,0.0
3239,17.0,15.600000381469727,0.0
3242,17.200000762939453,15.699999809265135,0.0
3245,17.30000114440918,15.90000057220459,0.0
3248,17.5,16.0,0.0
3251,17.600000381469727,16.100000381469727,0.0
3254,17.700000762939453,16.200000762939453,0.0
3257,17.700000762939453,16.200000762939453,0.0
3260,18.0,16.399999618530273,0.0
3263,18.100000381469727,16.5,0.0
3266,18.200000762939453,16.700000762939453,0.0
3269,18.399999618530273,16.80000114440918,0.0
3272,18.399999618530273,16.80000114440918,0.0
3275,18.600000381469727,17.0,0.0
3278,18.700000762939453,17.100000381469727,0.0
3281,18.80000114440918,17.200000762939453,0.0
3284,18.899999618530273,17.30000114440918,0.0
3287,18.899999618530273,17.30000114440918,0.0
3290,17.200000762939453,17.5,0.0
3293,17.200000762939453,17.5,0.0
3296,17.30000114440918,17.600000381469727,0.0
3299,17.399999618530273,17.600000381469727,0.0
3302,17.5,17.700000762939453,0.0
3305,17.600000381469727,17.80000114440918,0.0
3308,17.700000762939453,17.80000114440918,24.24728775024414
3311,8.100000381469728,14.199999809265135,39.56056213378906
3314,8.100000381469728,14.0,40.63914260864258
3317,8.100000381469728,14.0,41.07220230102539
3320,8.100000381469728,14.0,38.945018005371104
3323,8.100000381469728,14.100000381469727,40.96097488403321
3326,8.199999809265138,14.100000381469727,40.084666442871104
3329,8.100000381469728,14.0,40.194715881347655
3332,8.100000381469728,14.0,40.466880798339844
3335,8.100000381469728,13.90000057220459,39.92966384887696
3338,8.100000381469728,13.90000057220459,39.89925842285156
3341,8.199999809265138,14.0,39.92325973510742
3344,8.199999809265138,14.0,41.08135299682617
3347,8.199999809265138,14.0,40.15969467163086
3350,8.100000381469728,14.0,40.56097183227539
3353,8.100000381469728,13.90000057220459,39.76907501220703
3356,8.100000381469728,13.699999809265135,40.07575454711914
3359,8.199999809265138,13.600000381469727,40.10213928222656
3362,8.100000381469728,13.699999809265135,40.50221710205078
3365,8.100000381469728,13.699999809265135,40.063932037353524
3368,8.100000381469728,13.699999809265135,40.47195892333984
3371,8.199999809265138,13.699999809265135,40.45060806274414
3374,8.199999809265138,13.600000381469727,39.51672286987305
3377,8.199999809265138,13.5,41.33102951049805
3380,8.199999809265138,13.600000381469727,39.19524688720704
3383,8.199999809265138,13.600000381469727,40.531278228759774
3386,8.199999809265138,13.699999809265135,40.487623596191405
3389,8.100000381469728,13.800000190734865,39.87914199829103
3392,8.100000381469728,13.800000190734865,39.26030578613281
3395,8.100000381469728,13.800000190734865,39.80529251098633
3398,8.199999809265138,13.699999809265135,39.01672134399414
3401,8.100000381469728,13.699999809265135,40.723331451416016
3404,8.100000381469728,13.699999809265135,40.11810150146484
3407,8.100000381469728,13.699999809265135,39.691143798828115
3410,8.100000381469728,13.800000190734865,39.26285629272461
3413,8.100000381469728,13.800000190734865,40.032525634765626
3416,8.199999809265138,13.699999809265135,39.58826522827147
3419,8.100000381469728,13.699999809265135,40.634254455566406
3422,8.100000381469728,13.600000381469727,40.90374145507813
3425,8.100000381469728,12.90000057220459,40.22222671508789
3428,8.100000381469728,12.699999809265135,39.73527908325195
3431,8.100000381469728,12.199999809265135,39.477149200439456
3434,8.100000381469728,12.199999809265135,31.44102478027344
3437,11.199999809265137,11.600000381469727,0.0
3440,11.300000190734865,11.600000381469727,0.0
3443,11.40000057220459,11.699999809265135,0.0
3446,11.600000381469727,11.90000057220459,0.0
3449,11.800000190734865,12.0,0.0
3452,12.0,12.100000381469727,0.0
3455,12.199999809265135,12.199999809265135,0.0
3458,12.40000057220459,12.300000190734865,0.0
3461,12.40000057220459,12.300000190734865,0.0
3464,12.90000057220459,12.600000381469727,0.0
3467,13.100000381469727,12.699999809265135,0.0
3470,13.40000057220459,12.800000190734865,0.0
3473,13.600000381469727,13.0,0.0
3476,13.600000381469727,13.0,0.0
3479,14.0,13.199999809265135,0.0
3482,14.199999809265135,13.40000057220459,0.0
3485,14.40000057220459,13.5,0.0
3488,14.600000381469727,13.699999809265135,0.0
3491,14.90000057220459,13.800000190734865,0.0
3494,15.0,13.90000057220459,0.0
3497,15.199999809265135,14.100000381469727,0.0
3500,15.40000057220459,14.199999809265135,0.0
3503,15.40000057220459,14.199999809265135,0.0
3506,15.800000190734865,14.5,0.0
3509,15.90000057220459,14.600000381469727,0.0
3512,16.100000381469727,14.800000190734865,0.0
3515,16.30000114440918,14.90000057220459,0.0
3518,16.30000114440918,14.90000057220459,0.0
3521,16.600000381469727,15.199999809265135,0.0
3524,16.700000762939453,15.300000190734865,0.0
3527,16.899999618530273,15.40000057220459,0.0
3530,17.0,15.600000381469727,0.0
3533,17.200000762939453,15.699999809265135,0.0
3536,17.30000114440918,15.800000190734865,0.0
3539,17.5,15.90000057220459,0.0
3542,17.600000381469727,16.0,0.0
3545,17.600000381469727,16.0,0.0
3548,17.80000114440918,16.30000114440918,0.0
3551,18.0,16.399999618530273,0.0
3554,18.100000381469727,16.5,0.0
3557,18.200000762939453,16.600000381469727,0.0
3560,18.200000762939453,16.600000381469727,0.0
3563,18.399999618530273,16.80000114440918,0.0
3566,18.5,16.899999618530273,0.0
3569,18.700000762939453,17.0,0.0
3572,18.80000114440918,17.100000381469727,0.0
3575,11.100000381469727,18.0,64.18421020507813
3578,8.100000381469728,14.199999809265135,62.51809844970703
3581,8.699999809265138,16.0,51.56448745727539
3584,8.40000057220459,15.5,50.12253112792969
3587,8.40000057220459,15.5,39.334063720703135
3590,8.100000381469728,14.100000381469727,40.39216384887696
3593,8.100000381469728,13.90000057220459,40.706587982177744
3596,8.100000381469728,13.800000190734865,39.80961990356445
3599,8.100000381469728,13.800000190734865,40.93185119628906
3602,8.100000381469728,13.699999809265135,39.82938461303711
3605,8.100000381469728,13.699999809265135,38.84581756591797
3608,8.199999809265138,13.800000190734865,39.21664123535156
3611,8.100000381469728,13.90000057220459,40.262814331054685
3614,8.100000381469728,13.800000190734865,40.17845764160156
3617,8.199999809265138,13.699999809265135,39.742871856689455
3620,8.199999809265138,13.800000190734865,40.182613372802734
3623,8.100000381469728,13.800000190734865,39.309033966064455
3626,8.100000381469728,13.800000190734865,41.07760162353516
3629,8.100000381469728,13.5,39.70723800659179
3632,8.100000381469728,13.40000057220459,39.37789535522461
3635,8.100000381469728,13.40000057220459,40.33056106567383
3638,8.100000381469728,13.5,39.41684341430664
3641,8.100000381469728,13.40000057220459,39.74517288208008
3644,8.100000381469728,13.40000057220459,39.801536560058594
3647,8.100000381469728,13.300000190734865,40.24113235473633
3650,8.100000381469728,13.300000190734865,40.03527374267577
3653,8.100000381469728,13.300000190734865,39.49879150390625
3656,8.199999809265138,13.300000190734865,39.31212463378906
3659,8.199999809265138,13.40000057220459,39.74222106933594
3662,8.100000381469728,13.300000190734865,39.475144958496095
3665,8.100000381469728,13.300000190734865,40.99998626708985
3668,8.100000381469728,13.199999809265135,39.561972045898436
3671,8.100000381469728,13.199999809265135,39.02365417480469
3674,8.100000381469728,13.199999809265135,39.90297164916992
3677,8.300000190734862,13.40000057220459,40.42236175537109
3680,8.300000190734862,13.40000057220459,38.97920150756836
3683,8.199999809265138,13.40000057220459,39.77203216552734
3686,8.100000381469728,13.40000057220459,39.45002899169922
3689,8.100000381469728,13.40000057220459,39.512158203125
3692,8.100000381469728,13.40000057220459,37.93551025390625
3695,8.100000381469728,13.300000190734865,40.19003143310547
3698,8.199999809265138,13.40000057220459,41.062166595458976
3701,8.100000381469728,13.300000190734865,39.202362823486325
3704,8.100000381469728,13.300000190734865,40.848126220703115
3707,8.100000381469728,13.300000190734865,39.47203140258789
3710,8.100000381469728,13.199999809265135,39.68622665405272
3713,8.100000381469728,12.5,39.83444366455078
3716,8.100000381469728,12.40000057220459,38.834398651123045
3719,8.100000381469728,12.40000057220459,39.623677825927736
3722,8.0,11.90000057220459,39.96875762939453
3725,8.100000381469728,10.699999809265137,39.675045776367185
3728,8.100000381469728,10.5,38.95682144165039
3731,8.100000381469728,10.300000190734863,38.76725387573242
3734,8.100000381469728,10.300000190734863,32.190111541748045
3737,9.699999809265137,10.100000381469727,0.0
3740,9.90000057220459,10.199999809265137,0.0
3743,10.100000381469727,10.300000190734863,0.0
3746,10.199999809265137,10.40000057220459,0.0
3749,10.199999809265137,10.40000057220459,0.0
3752,10.699999809265137,10.699999809265137,0.0
3755,10.90000057220459,10.800000190734863,0.0
3758,11.100000381469727,10.90000057220459,0.0
3761,11.40000057220459,11.0,0.0
3764,11.600000381469727,11.199999809265137,0.0
3767,11.90000057220459,11.300000190734865,0.0
3770,12.100000381469727,11.40000057220459,0.0
3773,12.300000190734865,11.600000381469727,0.0
3776,12.300000190734865,11.600000381469727,0.0
3779,12.800000190734865,11.90000057220459,0.0
3782,13.0,12.0,0.0
3785,13.199999809265135,12.199999809265135,0.0
3788,13.40000057220459,12.300000190734865,0.0
3791,13.600000381469727,12.5,0.0
3794,13.90000057220459,12.600000381469727,0.0
3797,14.100000381469727,12.800000190734865,0.0
3800,14.300000190734865,12.90000057220459,0.0
3803,14.300000190734865,12.90000057220459,0.0
3806,14.600000381469727,13.199999809265135,0.0
3809,14.800000190734865,13.300000190734865,0.0
3812,15.0,13.5,0.0
3815,15.199999809265135,13.699999809265135,0.0
3818,15.199999809265135,13.699999809265135,0.0
3821,15.5,14.0,0.0
3824,15.699999809265135,14.100000381469727,0.0
3827,15.800000190734865,14.199999809265135,0.0
3830,16.0,14.300000190734865,0.0
3833,16.0,14.300000190734865,0.0
3836,16.30000114440918,14.600000381469727,0.0
3839,16.5,14.699999809265135,0.0
3842,16.600000381469727,14.800000190734865,0.0
3845,16.700000762939453,15.0,0.0
3848,16.700000762939453,15.0,0.0
3851,17.0,15.199999809265135,0.0
3854,17.100000381469727,15.300000190734865,0.0
3857,9.699999809265137,16.399999618530273,62.94486999511719
3860,8.100000381469728,11.800000190734865,61.01145782470703
3863,8.100000381469728,11.800000190734865,62.19213409423829
3866,8.300000190734862,11.699999809265135,62.28650970458986
3869,9.300000190734863,15.800000190734865,63.96696014404297
3872,9.0,16.600000381469727,50.956547546386716
3875,8.300000190734862,15.600000381469727,51.00997695922853
3878,8.0,14.800000190734865,41.44720001220704
3881,8.100000381469728,14.100000381469727,39.62438049316406
3884,8.699999809265138,14.0,46.06384658813477
3887,8.199999809265138,14.600000381469727,39.68149337768555
3890,8.199999809265138,14.600000381469727,40.13903732299805
3893,8.100000381469728,13.90000057220459,39.87549667358397
3896,8.199999809265138,13.90000057220459,39.7644287109375
3899,8.100000381469728,14.0,40.05472717285157
3902,8.100000381469728,13.90000057220459,40.20877456665039
3905,8.100000381469728,13.90000057220459,40.670231628417966
3908,8.199999809265138,13.90000057220459,39.59854507446289
3911,8.199999809265138,13.90000057220459,39.96729812622071
3914,8.100000381469728,13.90000057220459,39.95958480834961
3917,8.199999809265138,13.800000190734865,41.18931732177735
3920,8.199999809265138,13.800000190734865,39.43303527832031
3923,8.199999809265138,13.90000057220459,39.01060562133789
3926,8.100000381469728,13.90000057220459,39.82620697021484
3929,8.100000381469728,13.90000057220459,39.39465484619141
3932,8.199999809265138,13.800000190734865,39.489205169677724
3935,8.100000381469728,13.699999809265135,39.62032775878906
3938,8.100000381469728,13.699999809265135,38.486279296875
3941,8.100000381469728,13.699999809265135,39.12959518432617
3944,8.199999809265138,13.699999809265135,39.541886138916006
3947,8.199999809265138,13.699999809265135,39.153548431396494
3950,8.199999809265138,13.600000381469727,39.52587966918945
3953,8.199999809265138,13.699999809265135,40.70726318359375
3956,8.100000381469728,13.600000381469727,38.91283645629883
3959,8.199999809265138,13.600000381469727,39.967877197265615
3962,8.199999809265138,13.600000381469727,39.54885177612304
3965,8.199999809265138,13.699999809265135,39.23467330932617
3968,8.100000381469728,13.699999809265135,39.9783073425293
3971,8.100000381469728,13.699999809265135,39.47009429931641
3974,8.100000381469728,13.699999809265135,39.72292556762695
3977,8.100000381469728,13.699999809265135,40.172176361083984
3980,8.199999809265138,13.699999809265135,39.80943145751953
3983,8.199999809265138,13.800000190734865,39.44095306396484
3986,8.100000381469728,13.699999809265135,40.06542205810547
3989,8.100000381469728,13.699999809265135,39.59814376831055
3992,8.199999809265138,13.600000381469727,40.44898681640625
3995,8.199999809265138,13.600000381469727,41.0475830078125
3998,8.199999809265138,13.699999809265135,38.766527557373045
4001,8.100000381469728,12.90000057220459,39.81455001831055
4004,8.100000381469728,12.800000190734865,39.98333129882813
4007,8.100000381469728,12.40000057220459,39.540238189697256
4010,8.100000381469728,12.0,39.91072463989258
4013,8.100000381469728,10.90000057220459,38.57009887695313
4016,8.100000381469728,10.90000057220459,39.97767791748047
4019,8.100000381469728,10.40000057220459,39.08845443725586
4022,9.90000057220459,10.0,21.720949172973643
4025,9.800000190734863,10.100000381469727,0.0
4028,9.90000057220459,10.199999809265137,0.0
4031,10.100000381469727,10.300000190734863,0.0
